"STATION","NAME","DATE","TMAX","TMIN","TOBS"
"USC00304174","ITHACA CORNELL UNIVERSITY, NY US","2025-01-01","49","30","40"
"USC00304174","ITHACA CORNELL UNIVERSITY, NY US","2025-01-02","42","30","31"
"USC00304174","ITHACA CORNELL UNIVERSITY, NY US","2025-01-03","34","26","26"
"USC00304174","ITHACA CORNELL UNIVERSITY, NY US","2025-01-04","29","21","21"
"USC00304174","ITHACA CORNELL UNIVERSITY, NY US","2025-01-05","24","20","20"
"USC00304174","ITHACA CORNELL UNIVERSITY, NY US","2025-01-06","25","20","21"
"USC00304174","ITHACA CORNELL UNIVERSITY, NY US","2025-01-07","21","11","16"
"USC00304174","ITHACA CORNELL UNIVERSITY, NY US","2025-01-08","20","15","15"
"USC00304174","ITHACA CORNELL UNIVERSITY, NY US","2025-01-09","16","13","14"
"USC00304174","ITHACA CORNELL UNIVERSITY, NY US","2025-01-10","20","14","17"
"USC00304174","ITHACA CORNELL UNIVERSITY, NY US","2025-01-11","25","16","20"
"USC00304174","ITHACA CORNELL UNIVERSITY, NY US","2025-01-12","27","18","26"
"USC00304174","ITHACA CORNELL UNIVERSITY, NY US","2025-01-13","36","22","29"
"USC00304174","ITHACA CORNELL UNIVERSITY, NY US","2025-01-14","34","16","17"
"USC00304174","ITHACA CORNELL UNIVERSITY, NY US","2025-01-15","21","16","17"
"USC00304174","ITHACA CORNELL UNIVERSITY, NY US","2025-01-16","23","15","15"
"USC00304174","ITHACA CORNELL UNIVERSITY, NY US","2025-01-17","25","15","24"
"USC00304174","ITHACA CORNELL UNIVERSITY, NY US","2025-01-18","33","24","32"
"USC00304174","ITHACA CORNELL UNIVERSITY, NY US","2025-01-19","34","20","20"
"USC00304174","ITHACA CORNELL UNIVERSITY, NY US","2025-01-20","21","1","5"
"USC00304174","ITHACA CORNELL UNIVERSITY, NY US","2025-01-21","16","-8","-2"
"USC00304174","ITHACA CORNELL UNIVERSITY, NY US","2025-01-22","14","-11","-8"
"USC00304174","ITHACA CORNELL UNIVERSITY, NY US","2025-01-23","15","-9","12"
"USC00304174","ITHACA CORNELL UNIVERSITY, NY US","2025-01-24","28","12","19"
"USC00304174","ITHACA CORNELL UNIVERSITY, NY US","2025-01-25","24","11",
"USC00304174","ITHACA CORNELL UNIVERSITY, NY US","2025-01-26","30","4",
"USC00304174","ITHACA CORNELL UNIVERSITY, NY US","2025-01-27","32","11","21"
"USC00304174","ITHACA CORNELL UNIVERSITY, NY US","2025-01-28","36","21","21"
"USC00304174","ITHACA CORNELL UNIVERSITY, NY US","2025-01-29","38","16","38"
"USC00304174","ITHACA CORNELL UNIVERSITY, NY US","2025-01-30","39","16","16"
"USC00304174","ITHACA CORNELL UNIVERSITY, NY US","2025-01-31","36","15","35"
"USC00304174","ITHACA CORNELL UNIVERSITY, NY US","2025-02-01","36","17","17"
"USC00304174","ITHACA CORNELL UNIVERSITY, NY US","2025-02-02","17","-1","2"
"USC00304174","ITHACA CORNELL UNIVERSITY, NY US","2025-02-03","31","2","31"
"USC00304174","ITHACA CORNELL UNIVERSITY, NY US","2025-02-04","41","27","27"
"USC00304174","ITHACA CORNELL UNIVERSITY, NY US","2025-02-05","29","15","15"
"USC00304174","ITHACA CORNELL UNIVERSITY, NY US","2025-02-06","26","9","25"
"USC00304174","ITHACA CORNELL UNIVERSITY, NY US","2025-02-07","39","24","24"
"USC00304174","ITHACA CORNELL UNIVERSITY, NY US","2025-02-08","26","13","13"
"USC00304174","ITHACA CORNELL UNIVERSITY, NY US","2025-02-09","28","12","24"
"USC00304174","ITHACA CORNELL UNIVERSITY, NY US","2025-02-10","29","20","20"
"USC00304174","ITHACA CORNELL UNIVERSITY, NY US","2025-02-11","26","12","13"
"USC00304174","ITHACA CORNELL UNIVERSITY, NY US","2025-02-12","30","5","9"
"USC00304174","ITHACA CORNELL UNIVERSITY, NY US","2025-02-13","35","7","35"
"USC00304174","ITHACA CORNELL UNIVERSITY, NY US","2025-02-14","41","20","20"
"USC00304174","ITHACA CORNELL UNIVERSITY, NY US","2025-02-15","25","18","20"
"USC00304174","ITHACA CORNELL UNIVERSITY, NY US","2025-02-16","31","20","31"
"USC00304174","ITHACA CORNELL UNIVERSITY, NY US","2025-02-17","36","18","18"
"USC00304174","ITHACA CORNELL UNIVERSITY, NY US","2025-02-18","20","7","7"
"USC00304174","ITHACA CORNELL UNIVERSITY, NY US","2025-02-19","17","6","14"
"USC00304174","ITHACA CORNELL UNIVERSITY, NY US","2025-02-20","18","14","14"
"USC00304174","ITHACA CORNELL UNIVERSITY, NY US","2025-02-21","17","13","13"
"USC00304174","ITHACA CORNELL UNIVERSITY, NY US","2025-02-22","20","13","13"
"USC00304174","ITHACA CORNELL UNIVERSITY, NY US","2025-02-23","37","10","27"
"USC00304174","ITHACA CORNELL UNIVERSITY, NY US","2025-02-24","35","27","32"
"USC00304174","ITHACA CORNELL UNIVERSITY, NY US","2025-02-25","45","32","35"
"USC00304174","ITHACA CORNELL UNIVERSITY, NY US","2025-02-26","41","30","34"
"USC00304174","ITHACA CORNELL UNIVERSITY, NY US","2025-02-27","41","30","38"
"USC00304174","ITHACA CORNELL UNIVERSITY, NY US","2025-02-28","46","27","27"
"USC00304174","ITHACA CORNELL UNIVERSITY, NY US","2025-03-01","44","27","42"
"USC00304174","ITHACA CORNELL UNIVERSITY, NY US","2025-03-02","42","10","10"
"USC00304174","ITHACA CORNELL UNIVERSITY, NY US","2025-03-03","19","8","19"
"USC00304174","ITHACA CORNELL UNIVERSITY, NY US","2025-03-05","48","32","47"
"USC00304174","ITHACA CORNELL UNIVERSITY, NY US","2025-03-06","53","38",
"USC00304174","ITHACA CORNELL UNIVERSITY, NY US","2025-03-07","39","25","27"
"USC00304174","ITHACA CORNELL UNIVERSITY, NY US","2025-03-08","38","23",
"USC00304174","ITHACA CORNELL UNIVERSITY, NY US","2025-03-09","34","17",
"USC00304174","ITHACA CORNELL UNIVERSITY, NY US","2025-03-10","45","25","27"
"USC00304174","ITHACA CORNELL UNIVERSITY, NY US","2025-03-11","61","27","41"
"USC00304174","ITHACA CORNELL UNIVERSITY, NY US","2025-03-12","69","22","26"
"USC00304174","ITHACA CORNELL UNIVERSITY, NY US","2025-03-13","42","21","35"
"USC00304174","ITHACA CORNELL UNIVERSITY, NY US","2025-03-14","56","28","34"
"USC00304174","ITHACA CORNELL UNIVERSITY, NY US","2025-03-15","65","34",
"USC00304174","ITHACA CORNELL UNIVERSITY, NY US","2025-03-16","59","43",
"USC00304174","ITHACA CORNELL UNIVERSITY, NY US","2025-03-17","68","35","35"
"USC00304174","ITHACA CORNELL UNIVERSITY, NY US","2025-03-18","35","18","20"
"USC00304174","ITHACA CORNELL UNIVERSITY, NY US","2025-03-19","59","20","46"
"USC00304174","ITHACA CORNELL UNIVERSITY, NY US","2025-03-20","71","46","49"
"USC00304174","ITHACA CORNELL UNIVERSITY, NY US","2025-03-21","66","27","27"
"USC00304174","ITHACA CORNELL UNIVERSITY, NY US","2025-03-22","44","26","36"
"USC00304174","ITHACA CORNELL UNIVERSITY, NY US","2025-03-23","54","21","21"
"USC00304174","ITHACA CORNELL UNIVERSITY, NY US","2025-03-24","42","20","42"
"USC00304174","ITHACA CORNELL UNIVERSITY, NY US","2025-03-25","57","35","35"
"USC00304174","ITHACA CORNELL UNIVERSITY, NY US","2025-03-26","43","22","27"
"USC00304174","ITHACA CORNELL UNIVERSITY, NY US","2025-03-27","38","18","26"
"USC00304174","ITHACA CORNELL UNIVERSITY, NY US","2025-03-28","48","26","29"
"USC00304174","ITHACA CORNELL UNIVERSITY, NY US","2025-03-29","59","28",
"USC00304174","ITHACA CORNELL UNIVERSITY, NY US","2025-03-30","45","36",
"USC00304174","ITHACA CORNELL UNIVERSITY, NY US","2025-03-31","69","36","59"
"USC00304174","ITHACA CORNELL UNIVERSITY, NY US","2025-04-01","69","35",
"USC00304174","ITHACA CORNELL UNIVERSITY, NY US","2025-04-02","41","24","27"
